peer,KPI,sort,Product,Hierarchy1,average,Value,Rank,last,group,Code
All products,Product satisfaction,1,2150 Datavault Builder,,6.691050846,10,1,,2,
All products,Product satisfaction,1,AnalyticsCreator,,6.691050846,9.58266129,2,,2,
All products,Product satisfaction,1,Informatica PowerCenter,,6.691050846,7.722134217,5,,2,
All products,Product satisfaction,1,Microsoft Azure,,6.691050846,6.533266129,7,,2,
All products,Product satisfaction,1,Microsoft SQL Server,,6.691050846,7.086794355,6,,2,
All products,Product satisfaction,1,Microsoft SSIS,,6.691050846,5.611517137,8,,2,
All products,Product satisfaction,1,Oracle Database,,6.691050846,4.860950101,10,,2,
All products,Product satisfaction,1,Pentaho Data Integration,,6.691050846,7.965927419,4,,2,
All products,Product satisfaction,1,SAP BW,,6.691050846,1,11,,2,
All products,Product satisfaction,1,SAP BW on HANA,,6.691050846,5.205457614,9,,2,
All products,Product satisfaction,1,SAP BW/4HANA,,6.691050846,8.032851044,3,,2,
All products,Recommendation,2,2150 Datavault Builder,,5.438594599,10,1,,2,
All products,Recommendation,2,AnalyticsCreator,,5.438594599,9.052631579,2,,2,
All products,Recommendation,2,Informatica PowerCenter,,5.438594599,6.086956522,4,,2,
All products,Recommendation,2,Microsoft Azure,,5.438594599,2.715719064,9,,2,
All products,Recommendation,2,Microsoft SQL Server,,5.438594599,5.517786561,6,,2,
All products,Recommendation,2,Microsoft SSIS,,5.438594599,5.270321361,7,,2,
All products,Recommendation,2,Oracle Database,,5.438594599,1,11,,2,
All products,Recommendation,2,Pentaho Data Integration,,5.438594599,8.173913043,3,,2,
All products,Recommendation,2,SAP BW,,5.438594599,1.803203661,10,,2,
All products,Recommendation,2,SAP BW on HANA,,5.438594599,4.485338726,8,,2,
All products,Recommendation,2,SAP BW/4HANA,,5.438594599,5.718670077,5,,2,
All products,Developer efficiency,3,2150 Datavault Builder,,5.619906789,9.235579615,2,,2,
All products,Developer efficiency,3,AnalyticsCreator,,5.619906789,10,1,,2,
All products,Developer efficiency,3,Informatica PowerCenter,,5.619906789,5.497156847,7,,2,
All products,Developer efficiency,3,Microsoft Azure,,5.619906789,5.733493919,5,,2,
All products,Developer efficiency,3,Microsoft SQL Server,,5.619906789,6.756013494,3,,2,
All products,Developer efficiency,3,Microsoft SSIS,,5.619906789,5.373850549,8,,2,
All products,Developer efficiency,3,Oracle Database,,5.619906789,3.370123203,9,,2,
All products,Developer efficiency,3,Pentaho Data Integration,,5.619906789,5.564681725,6,,2,
All products,Developer efficiency,3,SAP BW,,5.619906789,1,11,,2,
All products,Developer efficiency,3,SAP BW on HANA,,5.619906789,2.845570191,10,,2,
All products,Developer efficiency,3,SAP BW/4HANA,,5.619906789,6.442505133,4,,2,
All products,Time to market,4,2150 Datavault Builder,,7.094986399,10,1,,2,
All products,Time to market,4,AnalyticsCreator,,7.094986399,9.721967963,2,,2,
All products,Time to market,4,Informatica PowerCenter,,7.094986399,7.564130435,6,,2,
All products,Time to market,4,Microsoft Azure,,7.094986399,7.439966555,7,,2,
All products,Time to market,4,Microsoft SQL Server,,7.094986399,7.810997442,4,,2,
All products,Time to market,4,Microsoft SSIS,,7.094986399,7.19826087,8,,2,
All products,Time to market,4,Oracle Database,,7.094986399,5.95,9,,2,
All products,Time to market,4,Pentaho Data Integration,,7.094986399,8.440372671,3,,2,
All products,Time to market,4,SAP BW,,7.094986399,1,11,,2,
All products,Time to market,4,SAP BW on HANA,,7.094986399,5.274317492,10,,2,
All products,Time to market,4,SAP BW/4HANA,,7.094986399,7.644836957,5,,2,
All products,Data access,5,2150 Datavault Builder,,7.310770262,10,1,,2,
All products,Data access,5,AnalyticsCreator,,7.310770262,9.229219144,2,,2,
All products,Data access,5,Informatica PowerCenter,,7.310770262,9.171672157,3,,2,
All products,Data access,5,Microsoft Azure,,7.310770262,7.248110831,7,,2,
All products,Data access,5,Microsoft SQL Server,,7.310770262,8.880100756,4,,2,
All products,Data access,5,Microsoft SSIS,,7.310770262,6.98488665,8,,2,
All products,Data access,5,Oracle Database,,7.310770262,4.692288941,10,,2,
All products,Data access,5,Pentaho Data Integration,,7.310770262,8.406297229,5,,2,
All products,Data access,5,SAP BW,,7.310770262,1,11,,2,
All products,Data access,5,SAP BW on HANA,,7.310770262,6.98488665,9,,2,
All products,Data access,5,SAP BW/4HANA,,7.310770262,7.82101052,6,,2,
All products,Price-to-value,6,2150 Datavault Builder,,5.530790832,10,1,,2,
All products,Price-to-value,6,AnalyticsCreator,,5.530790832,8.313069909,3,,2,
All products,Price-to-value,6,Informatica PowerCenter,,5.530790832,1.656534954,10,,2,
All products,Price-to-value,6,Microsoft Azure,,5.530790832,6.888297872,6,,2,
All products,Price-to-value,6,Microsoft SQL Server,,5.530790832,6.945288754,5,,2,
All products,Price-to-value,6,Microsoft SSIS,,5.530790832,8.164628543,4,,2,
All products,Price-to-value,6,Oracle Database,,5.530790832,1,11,,2,
All products,Price-to-value,6,Pentaho Data Integration,,5.530790832,9.452887538,2,,2,
All products,Price-to-value,6,SAP BW,,5.530790832,1.759118541,9,,2,
All products,Price-to-value,6,SAP BW on HANA,,5.530790832,3.08744447,8,,2,
All products,Price-to-value,6,SAP BW/4HANA,,5.530790832,3.571428571,7,,2,
All products,Performance,7,2150 Datavault Builder,,6.566397196,7.201987246,5,,2,
All products,Performance,7,AnalyticsCreator,,6.566397196,8.326264274,2,,2,
All products,Performance,7,Informatica PowerCenter,,6.566397196,6.395030744,7,,2,
All products,Performance,7,Microsoft Azure,,6.566397196,7.840674279,4,,2,
All products,Performance,7,Microsoft SQL Server,,6.566397196,7.176228877,6,,2,
All products,Performance,7,Microsoft SSIS,,6.566397196,6.149194978,8,,2,
All products,Performance,7,Oracle Database,,6.566397196,3.970951955,10,,2,
All products,Performance,7,Pentaho Data Integration,,6.566397196,5.908646003,9,,2,
All products,Performance,7,SAP BW,,6.566397196,1,11,,2,
All products,Performance,7,SAP BW on HANA,,6.566397196,8.261390796,3,,2,
All products,Performance,7,SAP BW/4HANA,,6.566397196,10,1,,2,
All products,Scalability,8,2150 Datavault Builder,,6.595121857,9.026014568,2,,2,
All products,Scalability,8,AnalyticsCreator,,6.595121857,10,1,,2,
All products,Scalability,8,Informatica PowerCenter,,6.595121857,8.481389578,4,,2,
All products,Scalability,8,Microsoft Azure,,6.595121857,8.064516129,5,,2,
All products,Scalability,8,Microsoft SQL Server,,6.595121857,7.779886148,6,,2,
All products,Scalability,8,Microsoft SSIS,,6.595121857,6.632258065,8,,2,
All products,Scalability,8,Oracle Database,,6.595121857,1.945889698,10,,2,
All products,Scalability,8,Pentaho Data Integration,,6.595121857,3.198156682,9,,2,
All products,Scalability,8,SAP BW,,6.595121857,1,11,,2,
All products,Scalability,8,SAP BW on HANA,,6.595121857,7.43435859,7,,2,
All products,Scalability,8,SAP BW/4HANA,,6.595121857,8.983870968,3,,2,
All products,Maintenance efficiency,9,2150 Datavault Builder,,6.10599942,8.885941645,2,,2,
All products,Maintenance efficiency,9,AnalyticsCreator,,6.10599942,10,1,,2,
All products,Maintenance efficiency,9,Informatica PowerCenter,,6.10599942,8.01183432,3,,2,
All products,Maintenance efficiency,9,Microsoft Azure,,6.10599942,7.162393162,5,,2,
All products,Maintenance efficiency,9,Microsoft SQL Server,,6.10599942,6.939507095,6,,2,
All products,Maintenance efficiency,9,Microsoft SSIS,,6.10599942,3.945054945,9,,2,
All products,Maintenance efficiency,9,Oracle Database,,6.10599942,2.338461538,10,,2,
All products,Maintenance efficiency,9,Pentaho Data Integration,,6.10599942,5.252747253,8,,2,
All products,Maintenance efficiency,9,SAP BW,,6.10599942,1,11,,2,
All products,Maintenance efficiency,9,SAP BW on HANA,,6.10599942,6.060822898,7,,2,
All products,Maintenance efficiency,9,SAP BW/4HANA,,6.10599942,7.569230769,4,,2,
All products,Compliance,10,2150 Datavault Builder,,7.186100695,8.680496533,4,,2,
All products,Compliance,10,AnalyticsCreator,,7.186100695,9.282375308,2,,2,
All products,Compliance,10,Informatica PowerCenter,,7.186100695,8.740684411,3,,2,
All products,Compliance,10,Microsoft Azure,,7.186100695,10,1,,2,
All products,Compliance,10,Microsoft SQL Server,,7.186100695,8.229087452,5,,2,
All products,Compliance,10,Microsoft SSIS,,7.186100695,1,11,,2,
All products,Compliance,10,Oracle Database,,7.186100695,7.005703422,7,,2,
All products,Compliance,10,Pentaho Data Integration,,7.186100695,5.671102662,10,,2,
All products,Compliance,10,SAP BW,,7.186100695,6.889190657,8,,2,
All products,Compliance,10,SAP BW on HANA,,7.186100695,5.830976711,9,,2,
All products,Compliance,10,SAP BW/4HANA,,7.186100695,7.717490494,6,,2,
All products,Data governance,11,2150 Datavault Builder,,7.050534908,8.911983033,4,,2,
All products,Data governance,11,AnalyticsCreator,,7.050534908,10,1,,2,
All products,Data governance,11,Informatica PowerCenter,,7.050534908,9.880266075,2,,2,
All products,Data governance,11,Microsoft Azure,,7.050534908,9.493433396,3,,2,
All products,Data governance,11,Microsoft SQL Server,,7.050534908,6.249204666,8,,2,
All products,Data governance,11,Microsoft SSIS,,7.050534908,1,11,,2,
All products,Data governance,11,Oracle Database,,7.050534908,4.445387063,10,,2,
All products,Data governance,11,Pentaho Data Integration,,7.050534908,6.575609756,7,,2,
All products,Data governance,11,SAP BW,,7.050534908,6.926829268,6,,2,
All products,Data governance,11,SAP BW on HANA,,7.050534908,6.048780488,9,,2,
All products,Data governance,11,SAP BW/4HANA,,7.050534908,8.024390244,5,,2,
All products,Skills availability,12,2150 Datavault Builder,,7.129110854,7.734693878,5,,2,
All products,Skills availability,12,AnalyticsCreator,,7.129110854,10,1,,2,
All products,Skills availability,12,Informatica PowerCenter,,7.129110854,7.824175824,4,,2,
All products,Skills availability,12,Microsoft Azure,,7.129110854,7.018838305,8,,2,
All products,Skills availability,12,Microsoft SQL Server,,7.129110854,9.629154519,2,,2,
All products,Skills availability,12,Microsoft SSIS,,7.129110854,7.346938776,7,,2,
All products,Skills availability,12,Oracle Database,,7.129110854,8.222514812,3,,2,
All products,Skills availability,12,Pentaho Data Integration,,7.129110854,5.640816327,10,,2,
All products,Skills availability,12,SAP BW,,7.129110854,1,11,,2,
All products,Skills availability,12,SAP BW on HANA,,7.129110854,7.56851312,6,,2,
All products,Skills availability,12,SAP BW/4HANA,,7.129110854,6.43457383,9,,2,
Analytical database products,Product satisfaction,1,Microsoft Azure,,5.453219874,6.533266129,3,,2,
Analytical database products,Product satisfaction,1,Microsoft SQL Server,,5.453219874,7.086794355,2,,2,
Analytical database products,Product satisfaction,1,Oracle Database,,5.453219874,4.860950101,5,,2,
Analytical database products,Product satisfaction,1,SAP BW,,5.453219874,1,6,,2,
Analytical database products,Product satisfaction,1,SAP BW on HANA,,5.453219874,5.205457614,4,,2,
Analytical database products,Product satisfaction,1,SAP BW/4HANA,,5.453219874,8.032851044,1,,2,
Analytical database products,Recommendation,2,Microsoft Azure,,3.540119681,2.715719064,4,,2,
Analytical database products,Recommendation,2,Microsoft SQL Server,,3.540119681,5.517786561,2,,2,
Analytical database products,Recommendation,2,Oracle Database,,3.540119681,1,6,,2,
Analytical database products,Recommendation,2,SAP BW,,3.540119681,1.803203661,5,,2,
Analytical database products,Recommendation,2,SAP BW on HANA,,3.540119681,4.485338726,3,,2,
Analytical database products,Recommendation,2,SAP BW/4HANA,,3.540119681,5.718670077,1,,2,
Analytical database products,Developer efficiency,3,Microsoft Azure,,4.35795099,5.733493919,3,,2,
Analytical database products,Developer efficiency,3,Microsoft SQL Server,,4.35795099,6.756013494,1,,2,
Analytical database products,Developer efficiency,3,Oracle Database,,4.35795099,3.370123203,4,,2,
Analytical database products,Developer efficiency,3,SAP BW,,4.35795099,1,6,,2,
Analytical database products,Developer efficiency,3,SAP BW on HANA,,4.35795099,2.845570191,5,,2,
Analytical database products,Developer efficiency,3,SAP BW/4HANA,,4.35795099,6.442505133,2,,2,
Analytical database products,Time to market,4,Microsoft Azure,,5.853353074,7.439966555,3,,2,
Analytical database products,Time to market,4,Microsoft SQL Server,,5.853353074,7.810997442,1,,2,
Analytical database products,Time to market,4,Oracle Database,,5.853353074,5.95,4,,2,
Analytical database products,Time to market,4,SAP BW,,5.853353074,1,6,,2,
Analytical database products,Time to market,4,SAP BW on HANA,,5.853353074,5.274317492,5,,2,
Analytical database products,Time to market,4,SAP BW/4HANA,,5.853353074,7.644836957,2,,2,
Analytical database products,Data access,5,Microsoft Azure,,6.104399616,7.248110831,3,,2,
Analytical database products,Data access,5,Microsoft SQL Server,,6.104399616,8.880100756,1,,2,
Analytical database products,Data access,5,Oracle Database,,6.104399616,4.692288941,5,,2,
Analytical database products,Data access,5,SAP BW,,6.104399616,1,6,,2,
Analytical database products,Data access,5,SAP BW on HANA,,6.104399616,6.98488665,4,,2,
Analytical database products,Data access,5,SAP BW/4HANA,,6.104399616,7.82101052,2,,2,
Analytical database products,Price-to-value,6,Microsoft Azure,,3.875263035,6.888297872,2,,2,
Analytical database products,Price-to-value,6,Microsoft SQL Server,,3.875263035,6.945288754,1,,2,
Analytical database products,Price-to-value,6,Oracle Database,,3.875263035,1,6,,2,
Analytical database products,Price-to-value,6,SAP BW,,3.875263035,1.759118541,5,,2,
Analytical database products,Price-to-value,6,SAP BW on HANA,,3.875263035,3.08744447,4,,2,
Analytical database products,Price-to-value,6,SAP BW/4HANA,,3.875263035,3.571428571,3,,2,
Analytical database products,Performance,7,Microsoft Azure,,6.374874318,7.840674279,3,,2,
Analytical database products,Performance,7,Microsoft SQL Server,,6.374874318,7.176228877,4,,2,
Analytical database products,Performance,7,Oracle Database,,6.374874318,3.970951955,5,,2,
Analytical database products,Performance,7,SAP BW,,6.374874318,1,6,,2,
Analytical database products,Performance,7,SAP BW on HANA,,6.374874318,8.261390796,2,,2,
Analytical database products,Performance,7,SAP BW/4HANA,,6.374874318,10,1,,2,
Analytical database products,Scalability,8,Microsoft Azure,,5.868086922,8.064516129,2,,2,
Analytical database products,Scalability,8,Microsoft SQL Server,,5.868086922,7.779886148,3,,2,
Analytical database products,Scalability,8,Oracle Database,,5.868086922,1.945889698,5,,2,
Analytical database products,Scalability,8,SAP BW,,5.868086922,1,6,,2,
Analytical database products,Scalability,8,SAP BW on HANA,,5.868086922,7.43435859,4,,2,
Analytical database products,Scalability,8,SAP BW/4HANA,,5.868086922,8.983870968,1,,2,
Analytical database products,Maintenance efficiency,9,Microsoft Azure,,5.178402577,7.162393162,2,,2,
Analytical database products,Maintenance efficiency,9,Microsoft SQL Server,,5.178402577,6.939507095,3,,2,
Analytical database products,Maintenance efficiency,9,Oracle Database,,5.178402577,2.338461538,5,,2,
Analytical database products,Maintenance efficiency,9,SAP BW,,5.178402577,1,6,,2,
Analytical database products,Maintenance efficiency,9,SAP BW on HANA,,5.178402577,6.060822898,4,,2,
Analytical database products,Maintenance efficiency,9,SAP BW/4HANA,,5.178402577,7.569230769,1,,2,
Analytical database products,Compliance,10,Microsoft Azure,,7.61207479,10,1,,2,
Analytical database products,Compliance,10,Microsoft SQL Server,,7.61207479,8.229087452,2,,2,
Analytical database products,Compliance,10,Oracle Database,,7.61207479,7.005703422,4,,2,
Analytical database products,Compliance,10,SAP BW,,7.61207479,6.889190657,5,,2,
Analytical database products,Compliance,10,SAP BW on HANA,,7.61207479,5.830976711,6,,2,
Analytical database products,Compliance,10,SAP BW/4HANA,,7.61207479,7.717490494,3,,2,
Analytical database products,Data governance,11,Microsoft Azure,,6.864670854,9.493433396,1,,2,
Analytical database products,Data governance,11,Microsoft SQL Server,,6.864670854,6.249204666,4,,2,
Analytical database products,Data governance,11,Oracle Database,,6.864670854,4.445387063,6,,2,
Analytical database products,Data governance,11,SAP BW,,6.864670854,6.926829268,3,,2,
Analytical database products,Data governance,11,SAP BW on HANA,,6.864670854,6.048780488,5,,2,
Analytical database products,Data governance,11,SAP BW/4HANA,,6.864670854,8.024390244,2,,2,
Analytical database products,Skills availability,12,Microsoft Azure,,6.645599097,7.018838305,4,,2,
Analytical database products,Skills availability,12,Microsoft SQL Server,,6.645599097,9.629154519,1,,2,
Analytical database products,Skills availability,12,Oracle Database,,6.645599097,8.222514812,2,,2,
Analytical database products,Skills availability,12,SAP BW,,6.645599097,1,6,,2,
Analytical database products,Skills availability,12,SAP BW on HANA,,6.645599097,7.56851312,3,,2,
Analytical database products,Skills availability,12,SAP BW/4HANA,,6.645599097,6.43457383,5,,2,
Data warehousing automation products,Product satisfaction,1,2150 Datavault Builder,,6.66461098,10,1,,2,
Data warehousing automation products,Product satisfaction,1,AnalyticsCreator,,6.66461098,9.58266129,2,,2,
Data warehousing automation products,Product satisfaction,1,Informatica PowerCenter,,6.66461098,7.722134217,5,,2,
Data warehousing automation products,Product satisfaction,1,Microsoft SSIS,,6.66461098,5.611517137,6,,2,
Data warehousing automation products,Product satisfaction,1,Oracle Database,,6.66461098,4.860950101,8,,2,
Data warehousing automation products,Product satisfaction,1,Pentaho Data Integration,,6.66461098,7.965927419,4,,2,
Data warehousing automation products,Product satisfaction,1,SAP BW,,6.66461098,1,9,,2,
Data warehousing automation products,Product satisfaction,1,SAP BW on HANA,,6.66461098,5.205457614,7,,2,
Data warehousing automation products,Product satisfaction,1,SAP BW/4HANA,,6.66461098,8.032851044,3,,2,
Data warehousing automation products,Recommendation,2,2150 Datavault Builder,,5.732337219,10,1,,2,
Data warehousing automation products,Recommendation,2,AnalyticsCreator,,5.732337219,9.052631579,2,,2,
Data warehousing automation products,Recommendation,2,Informatica PowerCenter,,5.732337219,6.086956522,4,,2,
Data warehousing automation products,Recommendation,2,Microsoft SSIS,,5.732337219,5.270321361,6,,2,
Data warehousing automation products,Recommendation,2,Oracle Database,,5.732337219,1,9,,2,
Data warehousing automation products,Recommendation,2,Pentaho Data Integration,,5.732337219,8.173913043,3,,2,
Data warehousing automation products,Recommendation,2,SAP BW,,5.732337219,1.803203661,8,,2,
Data warehousing automation products,Recommendation,2,SAP BW on HANA,,5.732337219,4.485338726,7,,2,
Data warehousing automation products,Recommendation,2,SAP BW/4HANA,,5.732337219,5.718670077,5,,2,
Data warehousing automation products,Developer efficiency,3,2150 Datavault Builder,,5.481051918,9.235579615,2,,2,
Data warehousing automation products,Developer efficiency,3,AnalyticsCreator,,5.481051918,10,1,,2,
Data warehousing automation products,Developer efficiency,3,Informatica PowerCenter,,5.481051918,5.497156847,5,,2,
Data warehousing automation products,Developer efficiency,3,Microsoft SSIS,,5.481051918,5.373850549,6,,2,
Data warehousing automation products,Developer efficiency,3,Oracle Database,,5.481051918,3.370123203,7,,2,
Data warehousing automation products,Developer efficiency,3,Pentaho Data Integration,,5.481051918,5.564681725,4,,2,
Data warehousing automation products,Developer efficiency,3,SAP BW,,5.481051918,1,9,,2,
Data warehousing automation products,Developer efficiency,3,SAP BW on HANA,,5.481051918,2.845570191,8,,2,
Data warehousing automation products,Developer efficiency,3,SAP BW/4HANA,,5.481051918,6.442505133,3,,2,
Data warehousing automation products,Time to market,4,2150 Datavault Builder,,6.977098487,10,1,,2,
Data warehousing automation products,Time to market,4,AnalyticsCreator,,6.977098487,9.721967963,2,,2,
Data warehousing automation products,Time to market,4,Informatica PowerCenter,,6.977098487,7.564130435,5,,2,
Data warehousing automation products,Time to market,4,Microsoft SSIS,,6.977098487,7.19826087,6,,2,
Data warehousing automation products,Time to market,4,Oracle Database,,6.977098487,5.95,7,,2,
Data warehousing automation products,Time to market,4,Pentaho Data Integration,,6.977098487,8.440372671,3,,2,
Data warehousing automation products,Time to market,4,SAP BW,,6.977098487,1,9,,2,
Data warehousing automation products,Time to market,4,SAP BW on HANA,,6.977098487,5.274317492,8,,2,
Data warehousing automation products,Time to market,4,SAP BW/4HANA,,6.977098487,7.644836957,4,,2,
Data warehousing automation products,Data access,5,2150 Datavault Builder,,7.143362366,10,1,,2,
Data warehousing automation products,Data access,5,AnalyticsCreator,,7.143362366,9.229219144,2,,2,
Data warehousing automation products,Data access,5,Informatica PowerCenter,,7.143362366,9.171672157,3,,2,
Data warehousing automation products,Data access,5,Microsoft SSIS,,7.143362366,6.98488665,6,,2,
Data warehousing automation products,Data access,5,Oracle Database,,7.143362366,4.692288941,8,,2,
Data warehousing automation products,Data access,5,Pentaho Data Integration,,7.143362366,8.406297229,4,,2,
Data warehousing automation products,Data access,5,SAP BW,,7.143362366,1,9,,2,
Data warehousing automation products,Data access,5,SAP BW on HANA,,7.143362366,6.98488665,7,,2,
Data warehousing automation products,Data access,5,SAP BW/4HANA,,7.143362366,7.82101052,5,,2,
Data warehousing automation products,Price-to-value,6,2150 Datavault Builder,,5.222790281,10,1,,2,
Data warehousing automation products,Price-to-value,6,AnalyticsCreator,,5.222790281,8.313069909,3,,2,
Data warehousing automation products,Price-to-value,6,Informatica PowerCenter,,5.222790281,1.656534954,8,,2,
Data warehousing automation products,Price-to-value,6,Microsoft SSIS,,5.222790281,8.164628543,4,,2,
Data warehousing automation products,Price-to-value,6,Oracle Database,,5.222790281,1,9,,2,
Data warehousing automation products,Price-to-value,6,Pentaho Data Integration,,5.222790281,9.452887538,2,,2,
Data warehousing automation products,Price-to-value,6,SAP BW,,5.222790281,1.759118541,7,,2,
Data warehousing automation products,Price-to-value,6,SAP BW on HANA,,5.222790281,3.08744447,6,,2,
Data warehousing automation products,Price-to-value,6,SAP BW/4HANA,,5.222790281,3.571428571,5,,2,
Data warehousing automation products,Performance,7,2150 Datavault Builder,,6.357051777,7.201987246,4,,2,
Data warehousing automation products,Performance,7,AnalyticsCreator,,6.357051777,8.326264274,2,,2,
Data warehousing automation products,Performance,7,Informatica PowerCenter,,6.357051777,6.395030744,5,,2,
Data warehousing automation products,Performance,7,Microsoft SSIS,,6.357051777,6.149194978,6,,2,
Data warehousing automation products,Performance,7,Oracle Database,,6.357051777,3.970951955,8,,2,
Data warehousing automation products,Performance,7,Pentaho Data Integration,,6.357051777,5.908646003,7,,2,
Data warehousing automation products,Performance,7,SAP BW,,6.357051777,1,9,,2,
Data warehousing automation products,Performance,7,SAP BW on HANA,,6.357051777,8.261390796,3,,2,
Data warehousing automation products,Performance,7,SAP BW/4HANA,,6.357051777,10,1,,2,
Data warehousing automation products,Scalability,8,2150 Datavault Builder,,6.30021535,9.026014568,2,,2,
Data warehousing automation products,Scalability,8,AnalyticsCreator,,6.30021535,10,1,,2,
Data warehousing automation products,Scalability,8,Informatica PowerCenter,,6.30021535,8.481389578,4,,2,
Data warehousing automation products,Scalability,8,Microsoft SSIS,,6.30021535,6.632258065,6,,2,
Data warehousing automation products,Scalability,8,Oracle Database,,6.30021535,1.945889698,8,,2,
Data warehousing automation products,Scalability,8,Pentaho Data Integration,,6.30021535,3.198156682,7,,2,
Data warehousing automation products,Scalability,8,SAP BW,,6.30021535,1,9,,2,
Data warehousing automation products,Scalability,8,SAP BW on HANA,,6.30021535,7.43435859,5,,2,
Data warehousing automation products,Scalability,8,SAP BW/4HANA,,6.30021535,8.983870968,3,,2,
Data warehousing automation products,Maintenance efficiency,9,2150 Datavault Builder,,5.896010374,8.885941645,2,,2,
Data warehousing automation products,Maintenance efficiency,9,AnalyticsCreator,,5.896010374,10,1,,2,
Data warehousing automation products,Maintenance efficiency,9,Informatica PowerCenter,,5.896010374,8.01183432,3,,2,
Data warehousing automation products,Maintenance efficiency,9,Microsoft SSIS,,5.896010374,3.945054945,7,,2,
Data warehousing automation products,Maintenance efficiency,9,Oracle Database,,5.896010374,2.338461538,8,,2,
Data warehousing automation products,Maintenance efficiency,9,Pentaho Data Integration,,5.896010374,5.252747253,6,,2,
Data warehousing automation products,Maintenance efficiency,9,SAP BW,,5.896010374,1,9,,2,
Data warehousing automation products,Maintenance efficiency,9,SAP BW on HANA,,5.896010374,6.060822898,5,,2,
Data warehousing automation products,Maintenance efficiency,9,SAP BW/4HANA,,5.896010374,7.569230769,4,,2,
Data warehousing automation products,Compliance,10,2150 Datavault Builder,,6.7575578,8.680496533,3,,2,
Data warehousing automation products,Compliance,10,AnalyticsCreator,,6.7575578,9.282375308,1,,2,
Data warehousing automation products,Compliance,10,Informatica PowerCenter,,6.7575578,8.740684411,2,,2,
Data warehousing automation products,Compliance,10,Microsoft SSIS,,6.7575578,1,9,,2,
Data warehousing automation products,Compliance,10,Oracle Database,,6.7575578,7.005703422,5,,2,
Data warehousing automation products,Compliance,10,Pentaho Data Integration,,6.7575578,5.671102662,8,,2,
Data warehousing automation products,Compliance,10,SAP BW,,6.7575578,6.889190657,6,,2,
Data warehousing automation products,Compliance,10,SAP BW on HANA,,6.7575578,5.830976711,7,,2,
Data warehousing automation products,Compliance,10,SAP BW/4HANA,,6.7575578,7.717490494,4,,2,
Data warehousing automation products,Data governance,11,2150 Datavault Builder,,6.868138436,8.911983033,3,,2,
Data warehousing automation products,Data governance,11,AnalyticsCreator,,6.868138436,10,1,,2,
Data warehousing automation products,Data governance,11,Informatica PowerCenter,,6.868138436,9.880266075,2,,2,
Data warehousing automation products,Data governance,11,Microsoft SSIS,,6.868138436,1,9,,2,
Data warehousing automation products,Data governance,11,Oracle Database,,6.868138436,4.445387063,8,,2,
Data warehousing automation products,Data governance,11,Pentaho Data Integration,,6.868138436,6.575609756,6,,2,
Data warehousing automation products,Data governance,11,SAP BW,,6.868138436,6.926829268,5,,2,
Data warehousing automation products,Data governance,11,SAP BW on HANA,,6.868138436,6.048780488,7,,2,
Data warehousing automation products,Data governance,11,SAP BW/4HANA,,6.868138436,8.024390244,4,,2,
Data warehousing automation products,Skills availability,12,2150 Datavault Builder,,6.863580729,7.734693878,4,,2,
Data warehousing automation products,Skills availability,12,AnalyticsCreator,,6.863580729,10,1,,2,
Data warehousing automation products,Skills availability,12,Informatica PowerCenter,,6.863580729,7.824175824,3,,2,
Data warehousing automation products,Skills availability,12,Microsoft SSIS,,6.863580729,7.346938776,6,,2,
Data warehousing automation products,Skills availability,12,Oracle Database,,6.863580729,8.222514812,2,,2,
Data warehousing automation products,Skills availability,12,Pentaho Data Integration,,6.863580729,5.640816327,8,,2,
Data warehousing automation products,Skills availability,12,SAP BW,,6.863580729,1,9,,2,
Data warehousing automation products,Skills availability,12,SAP BW on HANA,,6.863580729,7.56851312,5,,2,
Data warehousing automation products,Skills availability,12,SAP BW/4HANA,,6.863580729,6.43457383,7,,2,
ETL products,Product satisfaction,1,Informatica PowerCenter,,6.907577486,7.722134217,3,,2,
ETL products,Product satisfaction,1,Microsoft SSIS,,6.907577486,5.611517137,4,,2,
ETL products,Product satisfaction,1,Pentaho Data Integration,,6.907577486,7.965927419,2,,2,
ETL products,Product satisfaction,1,SAP BW on HANA,,6.907577486,5.205457614,5,,2,
ETL products,Product satisfaction,1,SAP BW/4HANA,,6.907577486,8.032851044,1,,2,
ETL products,Recommendation,2,Informatica PowerCenter,,5.947039946,6.086956522,2,,2,
ETL products,Recommendation,2,Microsoft SSIS,,5.947039946,5.270321361,4,,2,
ETL products,Recommendation,2,Pentaho Data Integration,,5.947039946,8.173913043,1,,2,
ETL products,Recommendation,2,SAP BW on HANA,,5.947039946,4.485338726,5,,2,
ETL products,Recommendation,2,SAP BW/4HANA,,5.947039946,5.718670077,3,,2,
ETL products,Developer efficiency,3,Informatica PowerCenter,,5.144752889,5.497156847,3,,2,
ETL products,Developer efficiency,3,Microsoft SSIS,,5.144752889,5.373850549,4,,2,
ETL products,Developer efficiency,3,Pentaho Data Integration,,5.144752889,5.564681725,2,,2,
ETL products,Developer efficiency,3,SAP BW on HANA,,5.144752889,2.845570191,5,,2,
ETL products,Developer efficiency,3,SAP BW/4HANA,,5.144752889,6.442505133,1,,2,
ETL products,Time to market,4,Informatica PowerCenter,,7.224383685,7.564130435,3,,2,
ETL products,Time to market,4,Microsoft SSIS,,7.224383685,7.19826087,4,,2,
ETL products,Time to market,4,Pentaho Data Integration,,7.224383685,8.440372671,1,,2,
ETL products,Time to market,4,SAP BW on HANA,,7.224383685,5.274317492,5,,2,
ETL products,Time to market,4,SAP BW/4HANA,,7.224383685,7.644836957,2,,2,
ETL products,Data access,5,Informatica PowerCenter,,7.873750641,9.171672157,1,,2,
ETL products,Data access,5,Microsoft SSIS,,7.873750641,6.98488665,4,,2,
ETL products,Data access,5,Pentaho Data Integration,,7.873750641,8.406297229,2,,2,
ETL products,Data access,5,SAP BW on HANA,,7.873750641,6.98488665,5,,2,
ETL products,Data access,5,SAP BW/4HANA,,7.873750641,7.82101052,3,,2,
ETL products,Price-to-value,6,Informatica PowerCenter,,5.186584815,1.656534954,5,,2,
ETL products,Price-to-value,6,Microsoft SSIS,,5.186584815,8.164628543,2,,2,
ETL products,Price-to-value,6,Pentaho Data Integration,,5.186584815,9.452887538,1,,2,
ETL products,Price-to-value,6,SAP BW on HANA,,5.186584815,3.08744447,4,,2,
ETL products,Price-to-value,6,SAP BW/4HANA,,5.186584815,3.571428571,3,,2,
ETL products,Performance,7,Informatica PowerCenter,,7.342852504,6.395030744,3,,2,
ETL products,Performance,7,Microsoft SSIS,,7.342852504,6.149194978,4,,2,
ETL products,Performance,7,Pentaho Data Integration,,7.342852504,5.908646003,5,,2,
ETL products,Performance,7,SAP BW on HANA,,7.342852504,8.261390796,2,,2,
ETL products,Performance,7,SAP BW/4HANA,,7.342852504,10,1,,2,
ETL products,Scalability,8,Informatica PowerCenter,,6.946006776,8.481389578,2,,2,
ETL products,Scalability,8,Microsoft SSIS,,6.946006776,6.632258065,4,,2,
ETL products,Scalability,8,Pentaho Data Integration,,6.946006776,3.198156682,5,,2,
ETL products,Scalability,8,SAP BW on HANA,,6.946006776,7.43435859,3,,2,
ETL products,Scalability,8,SAP BW/4HANA,,6.946006776,8.983870968,1,,2,
ETL products,Maintenance efficiency,9,Informatica PowerCenter,,6.167938037,8.01183432,1,,2,
ETL products,Maintenance efficiency,9,Microsoft SSIS,,6.167938037,3.945054945,5,,2,
ETL products,Maintenance efficiency,9,Pentaho Data Integration,,6.167938037,5.252747253,4,,2,
ETL products,Maintenance efficiency,9,SAP BW on HANA,,6.167938037,6.060822898,3,,2,
ETL products,Maintenance efficiency,9,SAP BW/4HANA,,6.167938037,7.569230769,2,,2,
ETL products,Compliance,10,Informatica PowerCenter,,5.792050856,8.740684411,1,,2,
ETL products,Compliance,10,Microsoft SSIS,,5.792050856,1,5,,2,
ETL products,Compliance,10,Pentaho Data Integration,,5.792050856,5.671102662,4,,2,
ETL products,Compliance,10,SAP BW on HANA,,5.792050856,5.830976711,3,,2,
ETL products,Compliance,10,SAP BW/4HANA,,5.792050856,7.717490494,2,,2,
ETL products,Data governance,11,Informatica PowerCenter,,6.305809313,9.880266075,1,,2,
ETL products,Data governance,11,Microsoft SSIS,,6.305809313,1,5,,2,
ETL products,Data governance,11,Pentaho Data Integration,,6.305809313,6.575609756,3,,2,
ETL products,Data governance,11,SAP BW on HANA,,6.305809313,6.048780488,4,,2,
ETL products,Data governance,11,SAP BW/4HANA,,6.305809313,8.024390244,2,,2,
ETL products,Skills availability,12,Informatica PowerCenter,,6.963003575,7.824175824,1,,2,
ETL products,Skills availability,12,Microsoft SSIS,,6.963003575,7.346938776,3,,2,
ETL products,Skills availability,12,Pentaho Data Integration,,6.963003575,5.640816327,5,,2,
ETL products,Skills availability,12,SAP BW on HANA,,6.963003575,7.56851312,2,,2,
ETL products,Skills availability,12,SAP BW/4HANA,,6.963003575,6.43457383,4,,2,
Global vendors,Product satisfaction,1,Informatica PowerCenter,,6.00209978,7.722134217,3,,2,
Global vendors,Product satisfaction,1,Microsoft Azure,,6.00209978,6.533266129,5,,2,
Global vendors,Product satisfaction,1,Microsoft SQL Server,,6.00209978,7.086794355,4,,2,
Global vendors,Product satisfaction,1,Microsoft SSIS,,6.00209978,5.611517137,6,,2,
Global vendors,Product satisfaction,1,Oracle Database,,6.00209978,4.860950101,8,,2,
Global vendors,Product satisfaction,1,Pentaho Data Integration,,6.00209978,7.965927419,2,,2,
Global vendors,Product satisfaction,1,SAP BW,,6.00209978,1,9,,2,
Global vendors,Product satisfaction,1,SAP BW on HANA,,6.00209978,5.205457614,7,,2,
Global vendors,Product satisfaction,1,SAP BW/4HANA,,6.00209978,8.032851044,1,,2,
Global vendors,Recommendation,2,Informatica PowerCenter,,4.530212113,6.086956522,2,,2,
Global vendors,Recommendation,2,Microsoft Azure,,4.530212113,2.715719064,7,,2,
Global vendors,Recommendation,2,Microsoft SQL Server,,4.530212113,5.517786561,4,,2,
Global vendors,Recommendation,2,Microsoft SSIS,,4.530212113,5.270321361,5,,2,
Global vendors,Recommendation,2,Oracle Database,,4.530212113,1,9,,2,
Global vendors,Recommendation,2,Pentaho Data Integration,,4.530212113,8.173913043,1,,2,
Global vendors,Recommendation,2,SAP BW,,4.530212113,1.803203661,8,,2,
Global vendors,Recommendation,2,SAP BW on HANA,,4.530212113,4.485338726,6,,2,
Global vendors,Recommendation,2,SAP BW/4HANA,,4.530212113,5.718670077,3,,2,
Global vendors,Developer efficiency,3,Informatica PowerCenter,,4.73148834,5.497156847,5,,2,
Global vendors,Developer efficiency,3,Microsoft Azure,,4.73148834,5.733493919,3,,2,
Global vendors,Developer efficiency,3,Microsoft SQL Server,,4.73148834,6.756013494,1,,2,
Global vendors,Developer efficiency,3,Microsoft SSIS,,4.73148834,5.373850549,6,,2,
Global vendors,Developer efficiency,3,Oracle Database,,4.73148834,3.370123203,7,,2,
Global vendors,Developer efficiency,3,Pentaho Data Integration,,4.73148834,5.564681725,4,,2,
Global vendors,Developer efficiency,3,SAP BW,,4.73148834,1,9,,2,
Global vendors,Developer efficiency,3,SAP BW on HANA,,4.73148834,2.845570191,8,,2,
Global vendors,Developer efficiency,3,SAP BW/4HANA,,4.73148834,6.442505133,2,,2,
Global vendors,Time to market,4,Informatica PowerCenter,,6.480320269,7.564130435,4,,2,
Global vendors,Time to market,4,Microsoft Azure,,6.480320269,7.439966555,5,,2,
Global vendors,Time to market,4,Microsoft SQL Server,,6.480320269,7.810997442,2,,2,
Global vendors,Time to market,4,Microsoft SSIS,,6.480320269,7.19826087,6,,2,
Global vendors,Time to market,4,Oracle Database,,6.480320269,5.95,7,,2,
Global vendors,Time to market,4,Pentaho Data Integration,,6.480320269,8.440372671,1,,2,
Global vendors,Time to market,4,SAP BW,,6.480320269,1,9,,2,
Global vendors,Time to market,4,SAP BW on HANA,,6.480320269,5.274317492,8,,2,
Global vendors,Time to market,4,SAP BW/4HANA,,6.480320269,7.644836957,3,,2,
Global vendors,Data access,5,Informatica PowerCenter,,6.79880597,9.171672157,1,,2,
Global vendors,Data access,5,Microsoft Azure,,6.79880597,7.248110831,5,,2,
Global vendors,Data access,5,Microsoft SQL Server,,6.79880597,8.880100756,2,,2,
Global vendors,Data access,5,Microsoft SSIS,,6.79880597,6.98488665,6,,2,
Global vendors,Data access,5,Oracle Database,,6.79880597,4.692288941,8,,2,
Global vendors,Data access,5,Pentaho Data Integration,,6.79880597,8.406297229,3,,2,
Global vendors,Data access,5,SAP BW,,6.79880597,1,9,,2,
Global vendors,Data access,5,SAP BW on HANA,,6.79880597,6.98488665,7,,2,
Global vendors,Data access,5,SAP BW/4HANA,,6.79880597,7.82101052,4,,2,
Global vendors,Price-to-value,6,Informatica PowerCenter,,4.725069916,1.656534954,8,,2,
Global vendors,Price-to-value,6,Microsoft Azure,,4.725069916,6.888297872,4,,2,
Global vendors,Price-to-value,6,Microsoft SQL Server,,4.725069916,6.945288754,3,,2,
Global vendors,Price-to-value,6,Microsoft SSIS,,4.725069916,8.164628543,2,,2,
Global vendors,Price-to-value,6,Oracle Database,,4.725069916,1,9,,2,
Global vendors,Price-to-value,6,Pentaho Data Integration,,4.725069916,9.452887538,1,,2,
Global vendors,Price-to-value,6,SAP BW,,4.725069916,1.759118541,7,,2,
Global vendors,Price-to-value,6,SAP BW on HANA,,4.725069916,3.08744447,6,,2,
Global vendors,Price-to-value,6,SAP BW/4HANA,,4.725069916,3.571428571,5,,2,
Global vendors,Performance,7,Informatica PowerCenter,,6.300235293,6.395030744,5,,2,
Global vendors,Performance,7,Microsoft Azure,,6.300235293,7.840674279,3,,2,
Global vendors,Performance,7,Microsoft SQL Server,,6.300235293,7.176228877,4,,2,
Global vendors,Performance,7,Microsoft SSIS,,6.300235293,6.149194978,6,,2,
Global vendors,Performance,7,Oracle Database,,6.300235293,3.970951955,8,,2,
Global vendors,Performance,7,Pentaho Data Integration,,6.300235293,5.908646003,7,,2,
Global vendors,Performance,7,SAP BW,,6.300235293,1,9,,2,
Global vendors,Performance,7,SAP BW on HANA,,6.300235293,8.261390796,2,,2,
Global vendors,Performance,7,SAP BW/4HANA,,6.300235293,10,1,,2,
Global vendors,Scalability,8,Informatica PowerCenter,,5.946702873,8.481389578,2,,2,
Global vendors,Scalability,8,Microsoft Azure,,5.946702873,8.064516129,3,,2,
Global vendors,Scalability,8,Microsoft SQL Server,,5.946702873,7.779886148,4,,2,
Global vendors,Scalability,8,Microsoft SSIS,,5.946702873,6.632258065,6,,2,
Global vendors,Scalability,8,Oracle Database,,5.946702873,1.945889698,8,,2,
Global vendors,Scalability,8,Pentaho Data Integration,,5.946702873,3.198156682,7,,2,
Global vendors,Scalability,8,SAP BW,,5.946702873,1,9,,2,
Global vendors,Scalability,8,SAP BW on HANA,,5.946702873,7.43435859,5,,2,
Global vendors,Scalability,8,SAP BW/4HANA,,5.946702873,8.983870968,1,,2,
Global vendors,Maintenance efficiency,9,Informatica PowerCenter,,5.36445022,8.01183432,1,,2,
Global vendors,Maintenance efficiency,9,Microsoft Azure,,5.36445022,7.162393162,3,,2,
Global vendors,Maintenance efficiency,9,Microsoft SQL Server,,5.36445022,6.939507095,4,,2,
Global vendors,Maintenance efficiency,9,Microsoft SSIS,,5.36445022,3.945054945,7,,2,
Global vendors,Maintenance efficiency,9,Oracle Database,,5.36445022,2.338461538,8,,2,
Global vendors,Maintenance efficiency,9,Pentaho Data Integration,,5.36445022,5.252747253,6,,2,
Global vendors,Maintenance efficiency,9,SAP BW,,5.36445022,1,9,,2,
Global vendors,Maintenance efficiency,9,SAP BW on HANA,,5.36445022,6.060822898,5,,2,
Global vendors,Maintenance efficiency,9,SAP BW/4HANA,,5.36445022,7.569230769,2,,2,
Global vendors,Compliance,10,Informatica PowerCenter,,6.787137312,8.740684411,2,,2,
Global vendors,Compliance,10,Microsoft Azure,,6.787137312,10,1,,2,
Global vendors,Compliance,10,Microsoft SQL Server,,6.787137312,8.229087452,3,,2,
Global vendors,Compliance,10,Microsoft SSIS,,6.787137312,1,9,,2,
Global vendors,Compliance,10,Oracle Database,,6.787137312,7.005703422,5,,2,
Global vendors,Compliance,10,Pentaho Data Integration,,6.787137312,5.671102662,8,,2,
Global vendors,Compliance,10,SAP BW,,6.787137312,6.889190657,6,,2,
Global vendors,Compliance,10,SAP BW on HANA,,6.787137312,5.830976711,7,,2,
Global vendors,Compliance,10,SAP BW/4HANA,,6.787137312,7.717490494,4,,2,
Global vendors,Data governance,11,Informatica PowerCenter,,6.515988995,9.880266075,1,,2,
Global vendors,Data governance,11,Microsoft Azure,,6.515988995,9.493433396,2,,2,
Global vendors,Data governance,11,Microsoft SQL Server,,6.515988995,6.249204666,6,,2,
Global vendors,Data governance,11,Microsoft SSIS,,6.515988995,1,9,,2,
Global vendors,Data governance,11,Oracle Database,,6.515988995,4.445387063,8,,2,
Global vendors,Data governance,11,Pentaho Data Integration,,6.515988995,6.575609756,5,,2,
Global vendors,Data governance,11,SAP BW,,6.515988995,6.926829268,4,,2,
Global vendors,Data governance,11,SAP BW on HANA,,6.515988995,6.048780488,7,,2,
Global vendors,Data governance,11,SAP BW/4HANA,,6.515988995,8.024390244,3,,2,
Global vendors,Skills availability,12,Informatica PowerCenter,,6.742836168,7.824175824,3,,2,
Global vendors,Skills availability,12,Microsoft Azure,,6.742836168,7.018838305,6,,2,
Global vendors,Skills availability,12,Microsoft SQL Server,,6.742836168,9.629154519,1,,2,
Global vendors,Skills availability,12,Microsoft SSIS,,6.742836168,7.346938776,5,,2,
Global vendors,Skills availability,12,Oracle Database,,6.742836168,8.222514812,2,,2,
Global vendors,Skills availability,12,Pentaho Data Integration,,6.742836168,5.640816327,8,,2,
Global vendors,Skills availability,12,SAP BW,,6.742836168,1,9,,2,
Global vendors,Skills availability,12,SAP BW on HANA,,6.742836168,7.56851312,4,,2,
Global vendors,Skills availability,12,SAP BW/4HANA,,6.742836168,6.43457383,7,,2,
